node_u,node_v,probability
13,14,0.523230791091919
17,14,0.5181838870048523
5,4,0.4526582360267639
18,15,0.40311846137046814
15,9,0.3828526437282562
6,8,0.34479933977127075
5,8,0.29687705636024475
8,12,0.08183112740516663
